,br_female_shoes_262,br_female_texture_59,br_female_texture_82,eu_female_outerwear_177,eu_female_top_325,eu_female_top_394,eu_female_texture_80,us_female_outerwear_171,us_female_shoes_76,us_female_top_79
2015-01-05,0.0,0.0,0.0,0.0051097927176868155,0.0002483498347091826,0.0002483498347091826,0.0003614675582866438,0.003796422338621703,0.0016548755140039474,0.00029410695160797783
2015-01-12,0.0,0.0,0.0,0.0014247789705919155,0.0,0.00023354737572605898,0.0010413051023950015,0.0036253406432736313,0.0008249731076045543,0.0003041115017188101
2015-01-19,0.0,0.0,0.0,0.0038806745430364593,0.000228158217016854,0.000228158217016854,0.00016056518946692356,0.0051975833439250226,0.0,0.0009413161960158064
2015-01-26,0.0,0.0,0.0,0.003411443034538279,0.0004505311792930152,0.00022526558964650767,0.0,0.003938706535141995,0.0,0.0006336456114848165
2015-02-02,0.0,0.00010341261633919338,0.0,0.0025489385491284213,0.00022627177542830122,0.0013576306525698073,0.00015855398763278897,0.0013389800667994538,0.0,0.0005976237173623849
2015-02-09,0.0005425132685495779,0.0002103270585760858,0.0,0.0030484905981735602,0.00022138225360541,0.00044276450721082,0.0005786199913207003,0.003589576928522992,0.0,0.0008479589300842419
2015-02-16,0.0,0.0,0.0,0.004741643832197428,0.00022591965450954833,0.0009036786180381932,0.0004051863857374392,0.005396710183128449,0.0014699705075469213,0.0012371584333415013
2015-02-23,0.001697761046872667,0.00031648908112670115,0.00010549636037556704,0.002372692223816,0.00043679879171263633,0.00043679879171263633,0.00037584565271861687,0.007161864288179222,0.0008858406125963244,0.0
2015-03-02,0.0,0.00010501995379122033,0.00021003990758244065,0.00290809246960868,0.0,0.00040992863037523183,0.0003607503607503608,0.0022304441530200587,0.0,0.000579645524952305
2015-03-09,0.0,0.0006329781622534022,0.00021099272075113408,0.005571343649364902,0.0015095248606564124,0.0004312928173304034,0.000516729104766826,0.005838897084054321,0.0,0.0011695312317414332
2015-03-16,0.001102126050502383,0.00031117104034851165,0.0,0.0006357141434103165,0.0008494695323914298,0.00021236738309785745,0.00041747843028110213,0.0023458272595993893,0.0014091297316872445,0.001074631251229415
2015-03-23,0.0,0.0002919992213354099,0.00019466614755693983,0.0012319262229269984,0.0002096244314580481,0.0006288732943741444,0.0,0.0,0.0,0.000549713803467798
2015-03-30,0.0005499039841029196,0.0001996207206308015,0.0,0.0036452149263917033,0.0004141948320380981,0.00020709741601904904,0.0003964059196617337,0.0012347145552074848,0.0,0.0008250258578911424
2015-04-06,0.0,0.00019355463079454176,0.0,0.0035610749512031813,0.00041086189793344087,0.0006162928469001613,0.00025157232704402514,0.0022124330224000802,0.0,0.00179010521820992
2015-04-13,0.00045670090486603533,0.0003613043085538795,0.00018065215427693967,0.0012198509587529511,0.0,0.0010114324334424122,0.000242306760358614,0.0,0.0,0.002189676377653866
2015-04-20,0.0004883275556124089,0.0003711608054189478,9.279020135473696e-05,0.0029647674530684674,0.0008135763370033732,0.0008135763370033732,0.00012405408758218582,0.006504221904753797,0.0007335376740248031,0.0010772359215915118
2015-04-27,0.000992257271494701,0.00036032789838753263,0.00018016394919376631,0.0022794102812283,0.0,0.0007718493969288886,0.0005893446487505894,0.0011373826954463044,0.0,0.001031918701543631
2015-05-04,0.0004607242552397573,0.0004891570194032284,0.00016305233980107618,0.0006080522796512263,0.00018987617187482468,0.0007595046874992987,0.00022067747986317997,0.0033088428063115355,0.0006550003795470321,0.0016575966624809589
2015-05-11,0.0005421313966272923,0.0008364312267657992,0.0,0.002300029376117109,0.0,0.0009528783490148707,0.00022459292532285235,0.0022245782721423447,0.0014097010877771854,0.0016394304103518724
2015-05-18,0.0009545512636803307,0.0003697882962004253,0.00018489414810021266,0.002188804292041782,0.00019226196374984696,0.001153571782499082,0.00045485558335228563,0.00306488220845604,0.0006458993380758053,0.0015596184013861975
2015-05-25,0.0,0.00018653236336504386,9.326618168252193e-05,0.0020496303838403907,0.0003770418040039274,0.0005655627060058911,0.0001088020890001088,0.0010650522179649082,0.0013692784981405644,0.002002530344266655
2015-06-01,0.0,0.00018261504747991235,0.0,0.0010136889922594198,0.0,0.0014522992129127985,0.0003201024327784891,0.0009512924005267867,0.0006621053372911598,0.0007546979265306635
2015-06-08,0.0,0.00026518164942985947,8.839388314328648e-05,0.004773107540898218,0.0,0.0013035710969862752,0.0,0.0011711740702305177,0.0006599024942387156,0.002516399759748597
2015-06-15,0.0,0.0005588153115395362,0.0,0.0010987471060583396,0.0001844178092317424,0.0009220890461587117,0.000327653997378768,0.0031685650900364964,0.0,0.002453894079918267
2015-06-22,0.0004736436295965009,0.0003631082062454612,9.077705156136529e-05,0.0011179458018964665,0.0,0.002391015396312691,0.0002520478890989288,0.003124389695362291,0.0006612377287776817,0.0020140219510954662
2015-06-29,0.0004645395708457245,0.00017833259028087384,8.916629514043692e-05,0.003132262329645937,0.00034399878675955766,0.0015479945404180098,0.0,0.003185316465776193,0.0,0.0022307591023757183
2015-07-06,0.0,0.0004288164665523156,0.0,0.0015255617025052724,0.0001746821161526287,0.002096185393831544,9.709680551509856e-05,0.0,0.003638932770962863,0.0016898934732289645
2015-07-13,0.0,0.0006704659738518273,0.00041904123365739187,0.0015139586997365974,0.0,0.0019131730503835558,0.00010368066355624677,0.0029165263071516496,0.0017748319195242755,0.003126980831459425
2015-07-20,0.000853893616842626,0.00033250207813798836,0.0,0.0014593431261933105,0.0003553437325927189,0.0015990467966672352,0.0003154574132492114,0.0,0.002252492508388248,0.002833901323518878
2015-07-27,0.00042910899169318697,8.205464839583163e-05,8.205464839583163e-05,0.0004953531337801847,0.0,0.0014287319424785025,0.0001052299273913501,0.0028146161829330487,0.0005526386415512131,0.0016450102815886965
2015-08-03,0.0004043679962139083,0.0002422089455837236,0.0,0.0010261919467868623,0.00016660157608471398,0.0016660157608471401,0.00019868865487780648,0.002042572580757562,0.0011641496173394154,0.0011806675543258036
2015-08-10,0.0012370213742841731,0.00032367697038355715,0.0,0.0010103276968551882,0.00016951698709262555,0.002203720832204132,0.0002041858090862685,0.0009877508326597687,0.0006041460617118672,0.002600179004598253
2015-08-17,0.001228834112767079,0.00040657017401203447,8.131403480240692e-05,0.0004935325953298827,0.00016870202975822958,0.0016870202975822965,0.00020147073637554144,0.0009636749166269527,0.0011328036187842178,0.0021545565667463397
2015-08-24,0.0003878784191331317,0.00040186465198521136,8.037293039704228e-05,0.0,0.00017032448755231015,0.0017032448755231009,0.00020134903855834087,0.004703345490493738,0.0,0.001854813978732428
2015-08-31,0.0004319093116477308,0.00024968789013732844,8.322929671244278e-05,0.002878109847098641,0.00034468940383750637,0.002412825826862545,0.00010029084344599339,0.0018376947734039407,0.0016823213408469098,0.003383374613406566
2015-09-07,0.0,0.0003206155819172812,0.0001603077909586406,0.002415153650554029,0.00016771460248923492,0.0006708584099569395,0.000381934498233553,0.003705654652510783,0.0020589347247080684,0.0004443706592617333
2015-09-14,0.00038535563060955376,7.623113279463333e-05,7.623113279463333e-05,0.002421095405337261,0.0006527767209980995,0.0016319418024952489,0.00017750954113783616,0.004559630489114439,0.005317061755531747,0.002280023080156017
2015-09-21,0.0003838173473129662,0.00015320974413972726,7.660487206986363e-05,0.0026377931084057803,0.00048772903865709153,0.001300610769752244,0.0004418522446094026,0.0007871932658608376,0.0038396592172522843,0.0009350580340272436
2015-09-28,0.0020010805768975307,0.0005680895958448303,8.115565654926147e-05,0.00419348843797686,0.0003259436795904632,0.0004889155193856946,0.00017656925929195727,0.006992111309532036,0.003032940541748531,0.0020480520639166336
2015-10-05,0.0,0.0003120368203448007,7.800920508620017e-05,0.003983394632969375,0.0,0.0010023349629948314,0.0004896680050925472,0.007349300293855706,0.0016353844062775805,0.0007237012213144865
2015-10-12,0.0007692077470967714,0.00029465930018416205,7.366482504604051e-05,0.003062729066329403,0.0,0.0006889588469140909,0.000315357931251971,0.006236591975719217,0.0027864578626609,0.001888373217420648
2015-10-19,0.0,0.0006027727546714887,0.0002260397830018083,0.0017273769876219266,0.0003465919841474384,0.0006931839682948768,0.00010503098414032142,0.007895018810012925,0.0016737533591486165,0.0017251222128579322
2015-10-26,0.0003822611079869916,0.00029890898221491565,7.472724555372888e-05,0.0038689016572577314,0.0003136874436275729,0.0,0.0011750881316098707,0.005778837838560421,0.0,0.00021275580518254864
2015-11-02,0.0,0.00015295197308045274,0.0,0.0023757784703299033,0.0006744366511508114,0.0008430458139385143,0.00021687269572760788,0.0067239125969855715,0.0006087975180808045,0.0017490582111584128
2015-11-09,0.0007499534159772024,0.00023402761525860048,0.0,0.004753762746719768,0.0005419564430307418,0.000180652147676914,0.0004849660523763337,0.005721717538065553,0.0011353201277445148,0.0014622908071717194
2015-11-16,0.0,0.0005300620929880359,7.572315614114796e-05,0.003680468562764729,0.0003442687254955073,0.0008606718137387682,0.0003577390889577868,0.0018922242655812801,0.0,0.000496210413490005
2015-11-23,0.0010783646855409665,0.0005277044854881266,0.0,0.0014905031221196323,0.00033126781284571635,0.0008281695321142909,0.00023150827642088204,0.00516706563324081,0.0,0.00045718027807968966
2015-11-30,0.00038042912104591537,0.000299311583358276,0.000224483687518707,0.003696562325260419,0.0008039983340135013,0.0006431986672108011,0.00011373976342129209,0.009591572441040756,0.0033946876258430852,0.00048628405778839963
2015-12-07,0.001063905808794447,0.00041149441053425686,6.858240175570949e-05,0.003912484740132366,0.00047885302581812683,0.00047885302581812683,0.00022540290769750929,0.008824215269002697,0.0027325287080128585,0.0011533997628568756
2015-12-14,0.0003592074985039891,0.00026831231553528306,0.0,0.0027867030271826864,0.000943171969047516,0.00047158598452375793,0.0003363605785401951,0.005493883294180665,0.0005574356773637794,0.00047020275865214883
2015-12-21,0.0,0.00038900414937759333,0.00012966804979253112,0.0008821789663712563,0.00014645429149952308,0.0008787257489971384,0.00031732599957689866,0.002658169748819341,0.0,0.0010519713494857108
2015-12-28,0.0003628725852587388,0.0005063291139240507,0.0,0.002111830146971837,0.00029334479627194087,0.0013200515832237339,0.00039005363237445154,0.004025107569055682,0.0005069065696605893,0.0012590707579859
2016-01-04,0.0004234700635237915,0.00016765864699471876,8.382932349735938e-05,0.001842749698168121,0.00016051449653635465,0.0008025724826817732,0.00046392948271862676,0.005660286193286514,0.0019160538502116784,0.00023818042324614145
2016-01-11,0.0,8.257638315441784e-05,8.257638315441784e-05,0.002645067266979881,0.00046673868884313565,0.00015557956294771192,0.00011431184270690445,0.004965327350731251,0.0,0.0011415779828735757
2016-01-18,0.0009955118532882557,0.00023679848448969926,0.0,0.0022320366652617885,0.0,0.00015852777410737062,0.0003321155762205248,0.002554466142838409,0.00106176433312036,0.0006919116190399723
2016-01-25,0.0003033565082646891,0.00014451911265264832,0.0,0.0020976374686287416,0.0,0.000593492766688112,0.00040310390003023283,0.004283862802576512,0.0015438932691663099,0.0009140746950937297
2016-02-01,0.00030710198355056765,7.401924500370096e-05,0.00014803849000740192,0.003755762741425778,0.0002994133842774082,0.0004491200764161123,0.0002079218213951554,0.00419193441650674,0.0005411264566115198,0.00045164699997674805
2016-02-08,0.00032833943205645244,0.00014158289678606824,0.00014158289678606824,0.0008352248824904353,0.0007535964926322496,0.0006028771941057997,0.00020012007204322601,0.0032776267981639647,0.0040060554469316095,0.0022035078737975685
2016-02-15,0.00035623235092151174,0.0005692908262849707,8.132726089785297e-05,0.002859421258704517,0.0007569287710769968,0.001362471787938594,0.0004605323754259925,0.0026741415230576602,0.0031672167505729675,0.0011139029005263722
2016-02-22,0.0003321684421184732,0.00046342782111686106,0.000154475940372287,0.001984588213297109,0.0007380012805025473,0.0007380012805025473,0.0003456022118541559,0.0055714984498760785,0.0020902481028450557,0.0015536719285413028
2016-02-29,0.0,0.0006897608828939299,0.00022992029429797672,0.006439290867828579,0.0002869384922722014,0.0010042847229527053,0.000757002271006813,0.001655336416054067,0.0029204109682960076,0.002543635637305149
2016-03-07,0.0006492403625682723,0.00021561017680034496,0.0,0.0030082154416557947,0.00028850956954740484,0.0008655287086422143,0.0005011693952555964,0.0025223741551513696,0.001422637601354252,0.0006321586261277852
2016-03-14,0.0009574146430864523,0.00029448575425163807,7.362143856290952e-05,0.0015305872997613864,0.00043340729065586534,0.001300221871967596,0.0001852537977028529,0.0023663252066218874,0.0014025438793761947,0.0018002542679639362
2016-03-21,0.0,0.0002961427408010661,7.403568520026653e-05,0.003095764693303285,0.0004323768918998351,0.0010088794144329485,0.0001853396348809193,0.002389268067739517,0.0018424304355154648,0.003283469254221637
2016-03-28,0.0003431591111510082,0.0003049942813572247,0.00015249714067861234,0.0019217030329838304,0.0002821635895530543,0.0022573087164244345,0.0003497114880223815,0.003893262846645621,0.003326275295878387,0.0017264244410270017
2016-04-04,0.0,0.0004233401538135892,0.0,0.0015301952438728345,0.0004329500750562248,0.001587483608539491,0.0002592016588906169,0.0,0.00048365873499991855,0.0027053819056369506
2016-04-11,0.00032818353604997113,0.0005557099194220616,0.0,0.002279794794451828,0.00014276881139370915,0.0024270697936930553,0.00016810960746406652,0.0015664948756684905,0.0004982461411505572,0.004814492318869038
2016-04-18,0.0006316285340154318,0.00026961445133459155,6.740361283364789e-05,0.001812550069973516,0.00042781069540042007,0.0025668641724025205,0.00017018379850238256,0.0008441126320158755,0.0013680772641963634,0.005250482572810802
2016-04-25,0.0,0.0005285063090440642,6.606328863050802e-05,0.0024658176449306856,0.0004278654087154937,0.0025671924522929625,0.0,0.0014808434396244262,0.0023070429024947985,0.00429404538155845
2016-05-02,0.0008450350986008775,0.0005290694256657457,5.8785491740638416e-05,0.0007212968623819229,0.0005442167210016123,0.003129246145759271,0.0002297970126388357,0.0034823682527206122,0.002715068309548279,0.005198924732030444
2016-05-09,0.0016530353072741568,0.00032825630252100843,0.0,0.002087375642428506,0.0002799052432346505,0.0023791945674945304,0.00024216984178237002,0.0036194340319348943,0.0023361779297956875,0.005500308592968105
2016-05-16,0.0,0.00046951505801864647,0.000134147159433899,0.003051166114969795,0.0004043000850351002,0.0033691673752925017,7.781495603454984e-05,0.0020893122051388524,0.0017847560696101492,0.006704994475329624
2016-05-23,0.00029299262071150786,0.00032944587204322326,0.00013177834881728933,0.001321002237625344,0.00027242130797272145,0.002588002425740853,7.726184037703778e-05,0.00220192720530145,0.0008809858761843068,0.0053500705356506716
2016-05-30,0.0009026090421843523,0.0004148230088495575,0.0,0.002595178450794249,0.00013341033880603584,0.004002310164181075,7.608612949859241e-05,0.0015576172782342825,0.0013087699528311046,0.003117363020218252
2016-06-06,0.00029515178359050087,0.0005315261444422297,0.0,0.00033189187605047984,0.00013213836722092474,0.003435597547744043,0.0002975083674228338,0.002150892829640611,0.003035869964474509,0.007549547987584807
2016-06-13,0.0,0.0003908794788273616,0.0001302931596091205,0.0009747850920633994,0.00026048916956512104,0.003907337543476815,0.00022609088853719198,0.0006996975274161715,0.002021841282948257,0.005176015822323218
2016-06-20,0.0005795381287857097,0.0008222643896268185,6.325110689437066e-05,0.0006787726324825557,0.0003738568191631576,0.0053586144080052574,0.00021754894851341551,0.0014593526532311414,0.0021121348735403914,0.007549893316723614
2016-06-27,0.0005675714958413376,0.0007956423281718588,0.00012240651202643978,0.0015252401396743305,0.00025020656632246304,0.0055045444590941855,0.0004336200043362,0.0006977392524871468,0.001297739378649184,0.005478471054080901
2016-07-04,0.0010743688116420416,0.0005816658911121452,0.00011633317822242903,0.0012473115077510431,0.0003597933125059679,0.004437450854240271,0.00026768386535501573,0.0024893837813299807,0.0012449252089740356,0.008549092800180857
2016-07-11,0.0007957554941800375,0.00035350262181111183,0.0,0.0003436638125428437,0.0002496564508620235,0.004244159664654399,0.00014580447619741923,0.0019993944217946893,0.0020033106681228052,0.008313695794673144
2016-07-18,0.000268166160953696,0.00029408304905305263,0.00017644982943183156,0.002464762703779981,0.0,0.004835040327453253,0.0002124796373680856,0.0006896112673213674,0.0024116289114032435,0.005785019307819209
2016-07-25,0.0005298327878663804,0.00023073373327180433,0.0,0.002638806747916942,0.00011846573615256376,0.005212492390712806,0.00020964360587002093,0.0007241855146864313,0.004114423444444365,0.004958790171045088
2016-08-01,0.0007798541332473577,0.00029730051135687955,5.9460102271375914e-05,0.0012397301459013508,0.0,0.004048794134514856,6.901311249137337e-05,0.003243886734581175,0.002467007855687415,0.005030831575781385
2016-08-08,0.0007923340902549868,0.00011541346875180334,0.0,0.0014512315628249731,0.0005829196123915762,0.005013108666567556,0.0004090258367986912,0.0020363812312876725,0.0016418322588247596,0.005728829203295728
2016-08-15,0.00026800863775440384,0.0003580165881019154,5.966943135031923e-05,0.0015246879154269595,0.00047080755102553516,0.004943479285768121,0.00013698630136986298,0.0021659783317657328,0.0030290763349995193,0.007204516046614267
2016-08-22,0.0008588100648043207,0.0003038036213391664,0.0001822821728034998,0.002639547353640425,0.00023638373342282622,0.004727674668456525,0.00013873473917869035,0.0022356168563750604,0.003729037697191968,0.006776303352935887
2016-08-29,0.0010893686026346968,0.0002383080131069408,0.0,0.003017069076087493,0.000466931295516834,0.003268519068617838,0.00013721185510428101,0.002163673187507841,0.004149896604407839,0.00440083757153491
2016-09-05,0.0015827059095167456,0.00039152077856703394,0.0,0.002499736429740736,0.0007064094637564992,0.004356191693165079,0.00033692722371967657,0.001963035541939062,0.008139607566511348,0.004598231240632678
2016-09-12,0.001079064960509592,0.0002876042565429968,0.0001725625539257981,0.002414428910475214,0.00023424461427675253,0.0040992807498431705,0.0002596559558584875,0.0013655499404924278,0.002301319572086489,0.0057730272462780795
2016-09-19,0.0005624536573544649,0.0003480682213713888,0.0001740341106856944,0.004239351093255767,0.0004610454270637909,0.003457840702978432,0.00018785222291797118,0.0026577910337297985,0.0038959475421500266,0.0038079957398779603
2016-09-26,0.0,0.00023398654577361802,0.00023398654577361802,0.0038957840625239134,0.0008139655235980555,0.0029070197271359125,0.0005119672340970178,0.003210788643375296,0.006036272090310417,0.002926082677564427
2016-10-03,0.0005092980814674341,0.0001715363943049917,0.0001715363943049917,0.002145222520342005,0.000228553314299966,0.0015998732000997618,0.00026881720430107527,0.0025315483748911466,0.005124105432950601,0.0021411734212974307
2016-10-10,0.00024973518478020124,0.0003575259206292456,0.0,0.0044940041110606965,0.0007049464175452682,0.0017623660438631703,0.0002863278453829634,0.003132730611104286,0.006831716384406497,0.001969422548130018
2016-10-17,0.0010163435445820314,0.0003853140309352122,0.00016513458468651952,0.0036359335443610905,0.00011799080744440131,0.0020058437265548213,0.000652836210648484,0.0,0.008236286338893922,0.0022391707805816865
2016-10-24,0.0007043662472395199,0.0002579446966570366,0.0001031778786628147,0.0047924573401659475,0.0006904220496660847,0.0013808440993321699,0.0005700441784238277,0.003231250191645536,0.00491064213096944,0.0024179087678429744
2016-10-31,0.0004811348457999214,0.0003825554705432288,0.00032790468903705323,0.003319631624215696,0.00044245806035189277,0.001106145150879732,0.0004911936004490913,0.002523132407212388,0.005526073324842898,0.0021840279329601686
2016-11-07,0.0004912852654569518,0.0001667778519012675,0.0001667778519012675,0.003642869236059196,0.0008037958468517967,0.001033451803095167,0.00022832787883400566,0.0026194437191113824,0.0051396781720619705,0.001403582950080823
2016-11-14,0.0007093899897978472,0.00031321779077051577,5.22029651284193e-05,0.002888835681919145,0.0011483386203330142,0.0009186708962664114,0.0003115022194533136,0.004572996424637376,0.004887672894052518,0.0017866257039237461
2016-11-21,0.0014356061726586366,0.00031852205765249244,0.00015926102882624622,0.003110910347863591,0.0004550170570364328,0.0013650511711092985,0.0003902895948794005,0.006843662103858126,0.0025796666652406217,0.001561506083593448
2016-11-28,0.0,0.0004257810420991005,0.00021289052104955027,0.0030181891555315647,0.0005649092430174528,0.0011298184860349053,0.0005439005439005439,0.003129660891356371,0.0033611809869537827,0.001248709514511784
2016-12-05,0.0009468105929243457,0.0002481020195504392,9.924080782017564e-05,0.0026838479437443605,0.00043807808088169945,0.0010951952022042483,0.000599790073474284,0.005583819806697446,0.00451948338930504,0.0026939246396040267
2016-12-12,0.0006900193499094053,0.00042056074766355135,9.345794392523364e-05,0.00425723199808924,0.0005702512752994543,0.0004562010202395634,0.00015562991206909967,0.0038216375955964265,0.003077351378611505,0.0010562038048328075
2016-12-19,0.0,0.0004749363153577134,0.0,0.002696323547642603,0.0003138491992927,0.0006276983985853999,0.00014820303816228233,0.002547076126736273,0.004121237126371162,0.0018493459668093906
2016-12-26,0.0,0.00036300934749069786,4.537616843633724e-05,0.0008573486625875228,0.00020880099358555008,0.0009396044711349754,0.00027348557363599067,0.003530133308864614,0.002145911666919768,0.002714217654694656
2017-01-02,0.0005512063932104138,0.0004098840613654995,0.00017566459772807119,0.0020835583614054465,0.00033619406049278683,0.0005603234341546447,0.00047585058291696415,0.005065683982832441,0.004029584493216947,0.0006934744096584157
2017-01-09,0.0004510579894004175,0.00035710034519700033,0.0,0.003283323620413209,0.001079213201709411,0.0017267411227350575,0.0002346316283435007,0.00380992245418212,0.0025545186953079514,0.0013860071822062528
2017-01-16,0.0011198524040184276,0.0005159958720330237,0.00011466574934067195,0.005274933534706508,0.0010058616325664068,0.0011176240361848962,0.00015114873035066505,0.002286117054849491,0.004211459339010823,0.002140925699977576
2017-01-23,0.0004335056092738735,0.00043649061545176777,5.456132693147097e-05,0.003229295503009804,0.0003284575199986521,0.0015328017599937098,0.0002168256721595837,0.006014930033162007,0.006775228493599106,0.0018799812474051254
2017-01-30,0.0011325116957962415,0.0004518242403704959,0.00011295606009262395,0.002432562620970492,0.0006465371709961607,0.002262880098486561,0.00022130421953378573,0.003598863986445129,0.006007872391027784,0.0018569087554918481
2017-02-06,0.0,0.0005449591280653951,0.00010899182561307902,0.00436776078875893,0.0005426700954136529,0.002062146362571881,0.0002844747884218761,0.007801968391167381,0.005742432658771936,0.0015151143966065175
2017-02-13,0.00021460192026806079,0.0002579979360165118,0.00015479876160990713,0.004999778522544408,0.0010250844065727313,0.00164013505051637,0.00031581606872157657,0.0039002011582763662,0.0039372133154757785,0.0031270927342036733
2017-02-20,0.0012274352732737134,0.00030531243639324236,5.0885406065540396e-05,0.004753025336859956,0.0006116554444309277,0.0020388514814364267,0.00048685491723466414,0.004100192726786949,0.00734129893271563,0.0028534058426813425
2017-02-27,0.0004185455166050609,0.0002977963073257892,0.0001488981536628946,0.003138710723756425,0.0008426813535625275,0.0025280440606875827,0.0004242938538004607,0.005519851348598757,0.005936632004385218,0.003962409224786423
2017-03-06,0.0008696354365278836,0.0006354585892819317,0.00010590976488032195,0.00576013164433299,0.00030710141635890173,0.0029686470248027163,0.0002455946460367164,0.0041950124259922455,0.006698957405634543,0.0024667088617726287
2017-03-13,0.001441434890616571,0.000369783412572636,5.282620179609086e-05,0.003986516792103504,0.0006005815495831896,0.0029028108229854164,0.00012708902586261675,0.004143514137148068,0.005214554770193383,0.003653775519402874
2017-03-20,0.0010625842336765704,0.0004115438036936056,0.00036010082823190496,0.003819033377360385,0.00069130333913027,0.002567698116769575,0.0005105296745373325,0.003636356487088308,0.004318205756579518,0.0044118741342490005
2017-03-27,0.00038682306149290864,0.000463893613731251,0.00020617493943611155,0.0048497016611893035,0.00039683245002572416,0.0039683245002572415,0.000611695620259359,0.0011934813623132193,0.008298910464310872,0.003813672308613268
2017-04-03,0.0010378962814020076,0.0004079135223332653,0.0,0.00537756297822155,0.0003919054315484927,0.003919054315484927,0.00011989688867573886,0.0036105893363827797,0.008121579823459388,0.004890918819072031
2017-04-10,0.0006632555460418129,0.00031794817444756504,0.00015897408722378252,0.0024882932685459554,0.00010039589095777876,0.005220586329804496,5.9523809523809524e-05,0.0011618408026480506,0.00683613385608461,0.00535518185426381
2017-04-17,0.00042387309070290174,0.00035216581979171914,5.030940282738844e-05,0.00460634799980091,0.0005281851344577483,0.004331118102553537,0.00037230081906180183,0.005428284156624864,0.007932782747603475,0.00912756584298647
2017-04-24,0.0004495446835824086,5.1266277042961136e-05,0.00010253255408592227,0.003464709715509009,0.0007308384900822679,0.004698247436243151,6.118453255017132e-05,0.00551646433123351,0.0057172528707167035,0.005140151605028158
2017-05-01,0.0014935230649252664,0.0002879493209195182,0.0003359408744061045,0.003474405201881085,0.0003086283642071052,0.006275443405544471,0.00033913633280578795,0.0028881939440150864,0.006446853177657906,0.006409515555604058
2017-05-08,0.0005945417838342914,0.000411370274383973,4.1137027438397294e-05,0.0040459916768874156,0.0006121344706856019,0.007039546412884422,0.00028788576692768313,0.0014470713272341721,0.00543064858378794,0.005180619367614975
2017-05-15,0.0006124021502077659,0.0004385751181716291,4.873056868573657e-05,0.003077761549445856,0.00029060562168274694,0.009299379893847902,0.00011272050949670293,0.0031529184703374693,0.006233820397252561,0.006982366670420758
2017-05-22,0.000987591908036422,9.64506172839506e-05,0.0002411265432098765,0.0029680062828852864,0.00019420131243433236,0.007379649872504628,0.00016511640706698218,0.0017203214686861636,0.009068032767767008,0.0059973375515623975
2017-05-29,0.0009865100465469275,0.0006954102920723226,0.00014901649115835487,0.0030294333903809678,0.0005022637675722801,0.0071321454995263815,0.0004555808656036447,0.0016858207299832175,0.004467835961045617,0.007624826988561466
2017-06-05,0.0003874000166301058,0.00047675804529201437,0.00014302741358760432,0.004447792512740607,0.0006001573891060985,0.007501967363826231,0.0003928391043268421,0.003216041951797183,0.008141247855186563,0.006773100794943404
2017-06-12,0.000993708634166824,0.00042060005608000753,9.346667912889056e-05,0.004516767873056598,0.00019761655447087718,0.00632372974306807,0.0001128286133363421,0.0006050704091935091,0.005513612103910646,0.0063213200229741365
2017-06-19,0.0007652617427534436,0.0007920607557191446,0.00023295904579974838,0.0022758836310389674,0.00019502648171781253,0.008873704918160471,0.00011067456145205025,0.0016988845986134972,0.006873386403716789,0.006425539076331801
2017-06-26,0.0005849728818670414,0.0008037825059101655,0.0003309692671394799,0.0009400432206750492,0.0003035841837154287,0.007589604592885719,0.00028253376278465284,0.0021582079312279768,0.006028630106900784,0.008120507916076979
2017-07-03,0.0007903842223917282,0.0005759539236861051,0.00019198464122870167,0.0029010775064651603,0.0001893754086824933,0.009090019616759678,0.00015490266948933753,0.002811984781402616,0.005958219514096333,0.008688676129701539
2017-07-10,0.0018495696546532712,0.0009086365907955114,0.0001362954886193267,0.0029634887000461155,0.00037722897925970925,0.009525031726307658,0.00043374539145521576,0.002879568911452203,0.0041271107407983105,0.006405816060147249
2017-07-17,0.0009741661536726226,0.00023281802942819887,0.00013969081765691934,0.002792728630250703,0.00028673788780182654,0.007741922970649315,5.401609679684546e-05,0.0011460630207901592,0.005058791610389931,0.0077369493992886906
2017-07-24,0.0009270859227211313,0.000496143611023409,4.5103964638491716e-05,0.0019601872140126253,0.00019040687840579296,0.007235461379420133,0.00021805494984736154,0.0014713236934772171,0.006386191108251541,0.009544372991900769
2017-07-31,0.0007756637314720098,0.0004340277777777778,4.82253086419753e-05,0.0036961460981976063,9.884301186117093e-05,0.007709754925171331,0.00016570923552806008,0.003974274528657064,0.005630908842311643,0.006795254510042846
2017-08-07,0.00038048920372694517,0.00036289408029031536,0.0001814470401451576,0.003669831296487057,0.00048677481181565613,0.006036007666514136,0.00010984182776801404,0.0020102501628245974,0.00828343630424974,0.008343474849136149
2017-08-14,0.0006216637686947457,0.00029096552058581064,0.00014548276029290532,0.004642360140866925,0.00019128694436659752,0.006503756108464316,0.00010795638562020944,0.002777478039321281,0.006186561200888022,0.006090544411502827
2017-08-21,0.0009721328774501324,0.00018945673281864253,4.736418320466063e-05,0.0038871140747898025,0.00027880478888022423,0.008364143666406728,0.00010842459069717012,0.001731175735362601,0.0068372483198027145,0.00552390928338501
2017-08-28,0.0012197394927343562,0.00047999301828337043,0.00021817864467425929,0.004414215827110708,0.0002801464569835001,0.0072838078815710035,0.0003732139048837705,0.0037647721653591842,0.008889260405272312,0.004833368569655295
2017-09-04,0.0007407066127990673,0.00034457509583494855,0.0,0.008799921176302173,0.0010701048968334305,0.005155959957470165,0.00021510002151000214,0.005428808819019767,0.014524478013006341,0.006864954269930257
2017-09-11,0.0011340393734311732,0.00031511659313946164,4.501665616278023e-05,0.01284579124969568,0.0013725263269834384,0.004901879739226568,0.00015607928827844546,0.0077308347043347,0.008708885509312118,0.003938038661046485
2017-09-18,0.0012888627097700895,0.0003940110323089047,0.00013133701076963492,0.012422522857398493,0.0011605074845438864,0.004351903067039576,0.0003044140030441401,0.011892062663280913,0.012614078184888414,0.004419004293358465
2017-09-25,0.0007500546608097887,0.0003160841686986364,0.0001806195249706493,0.009772990227419058,0.0013232991950523822,0.003024683874405445,0.00035159977899442465,0.006436038037895127,0.0100095661702247,0.0039055804082062493
2017-10-02,0.0009475907594103732,0.00023002254220913653,0.0001840180337673092,0.013459321370114349,0.001430669390133127,0.0025752049022396287,0.00044048012333443455,0.011927877654582041,0.00952437724876983,0.004276238355470816
2017-10-09,0.000375604851183776,0.0003894080996884735,4.326756663205262e-05,0.014070903110362307,0.0022353518108749405,0.0025147707872343076,0.0002873067861862897,0.009768341473881016,0.0091241450487297,0.003172110063002706
2017-10-16,0.0015185975993650168,0.00018214936247723133,0.00018214936247723133,0.011230158462063438,0.0016179727704853071,0.0026966212841421787,0.0003356455582904453,0.008300721176248242,0.009075113960566606,0.002347265150903675
2017-10-23,0.0007568795294147872,0.0005300119252683185,0.00022083830219513272,0.01656789953350456,0.001785163635769098,0.003100547367388433,0.00017076502732240437,0.014192753777458763,0.010869757774690007,0.001960418241646905
2017-10-30,0.0005610836791475936,0.0002768549280177187,9.228497600590623e-05,0.015453352738547472,0.0012782116265120875,0.002282520761628728,0.0002838489923360772,0.013031276579767893,0.007859862683014954,0.0017833960933872175
2017-11-06,0.0010764122611000623,0.00022963167080003683,0.00013777900248002206,0.011630544126680792,0.001806171980141145,0.0021674063761693736,0.00035377358490566035,0.013971851708900014,0.008933703746936304,0.0017234314699103757
2017-11-13,0.0009032244408423152,0.0005365286595725655,8.942144326209425e-05,0.01371050550629405,0.0023432213813272787,0.0018926018849181872,0.0001763253790995651,0.01283287641246096,0.009838226077004388,0.0016973850158456998
2017-11-20,0.000526820721567343,0.0002652989034311992,8.843296781039972e-05,0.012177068067569123,0.0017771937764654664,0.0013328953323490998,0.0001788695444788934,0.010999207107671362,0.010800415534512955,0.002341076665279368
2017-11-27,0.0005283821492301551,0.00038415571111490525,4.268396790165614e-05,0.011419579233533128,0.0014766984593992045,0.0011998174982618538,0.00018664841659926583,0.011560083136845934,0.009343205140103414,0.0008679505968566878
2017-12-04,0.0005262267670552057,0.00037228541882109616,0.0001654601861427094,0.01115367366018264,0.0023197135638008976,0.0013918281382805384,0.00048620396256229495,0.006832096212418563,0.006792982817603275,0.0030047024304598238
2017-12-11,0.00017793050824515595,0.00023564527531222997,3.927421255203833e-05,0.010543059431895941,0.0020943647442294784,0.0009105933670562948,0.0004259462090787392,0.011283204596538523,0.007796937763861973,0.001460489860254614
2017-12-18,0.00036781139025509073,0.00020765844339230835,0.00016612675471384668,0.006224715377432455,0.002488382215419982,0.0011981099555725839,0.0002476166893648632,0.008445146970550363,0.006908364637721392,0.0018077345349426536
2017-12-25,0.0005228003947820537,0.0001967419532541119,0.00011804517195246714,0.007810534934294323,0.0024901618606578964,0.0018676213954934226,0.00022767374352552792,0.007461179182600111,0.004102033254801266,0.002051034166696068
2018-01-01,0.0005148955667473947,0.00024289531212047608,0.0,0.005667976204329858,0.0011009151497583336,0.001693715615012821,0.00023432923257176333,0.0073098259299740065,0.00482596024157244,0.0022420580505192727
2018-01-08,0.0005165746521445118,0.00044869877355668565,0.00019942167713630468,0.006641614010681299,0.0015177734755608394,0.0015177734755608394,0.0004381846635367762,0.009087356391479671,0.006611786877572993,0.0011395340479366071
2018-01-15,0.00017811311110861635,0.00014800197335964482,9.86679822397632e-05,0.009126898745551271,0.0018082301198760727,0.0015499115313223474,0.00017754630999585724,0.011654947246761194,0.007959999891005258,0.0017780867311965804
2018-01-22,0.0006961339708376168,0.0006175185255557668,0.00019000570017100514,0.010647823768458008,0.0019466042464887086,0.0014387944430568715,0.00038642009384488,0.0046202058530125534,0.004681258540374125,0.001767505042682518
2018-01-29,0.0016641134295038006,0.0007717800880737277,0.00022699414355109639,0.01011220264395192,0.0016348725426562011,0.001720918465953896,0.00011503508570113884,0.011487121852383405,0.007141094396797354,0.0024661839544104698
2018-02-05,0.0009814863016057694,0.0007597765363128491,0.00013407821229050284,0.010067156633097351,0.0016831237284223586,0.0020374655659849607,0.0005098861254319868,0.011883866091562938,0.0052126493716018645,0.0021605777924964802
2018-02-12,0.0006369547545947938,0.0012799576289888336,0.00017654587986052877,0.009990456533479427,0.001874894310089516,0.002053455672955184,0.0003225806451612903,0.010486235761587337,0.005861597943955688,0.0015098315886059293
2018-02-19,0.0005285782291962063,0.0016375282955256947,0.0005779511631267157,0.016751781197156732,0.0023321545895435827,0.0014351720551037431,0.0003678209237559771,0.011850696769244495,0.007599542893543688,0.0027133032187473573
2018-02-26,0.0010279221670770717,0.0016879219804951235,0.00042198049512378086,0.010712677577289172,0.002445040546976293,0.002082812317794619,0.00040822574883910803,0.012976852770776466,0.0072433515035198,0.001528383089603565
2018-03-05,0.0004899591410413906,0.0022239665096807954,0.0004796790511076225,0.013724410293306876,0.0016647456996526533,0.003504727788742428,0.00041017227235438887,0.014120546295376728,0.00803044885099359,0.0040897722390944155
2018-03-12,0.0011278159365116591,0.0015824175824175825,0.00026373626373626366,0.015328017234417431,0.0014886811242918528,0.0020140979916889773,0.0002716062795371829,0.008294694580536359,0.006592432955457367,0.0017936400713227168
2018-03-19,0.00095256312775695,0.0028895501789796005,0.00025876568766981497,0.010790745099200786,0.0012625399682240665,0.0023567412740182576,0.00020964360587002093,0.012633846430153094,0.0049881967878328895,0.003348834086126439
2018-03-26,0.0009612176849097527,0.002216592780240659,0.00045236587351850176,0.010284875972562012,0.0018376745702302453,0.0035878408275923845,0.0004202342806114409,0.010504562570107224,0.007374748982188477,0.003183709101834878
2018-04-02,0.0008097293886553967,0.0021802972323573906,0.00044495861884844717,0.014202202579258603,0.0017033174791522055,0.003832464328092463,0.00019833399444664816,0.008210440503818438,0.006528594659488461,0.003347879986923576
2018-04-09,0.000310129084800878,0.002082182467173756,0.0006374027960735988,0.01066056223752936,0.0009460377673912516,0.0032681304691697787,0.0002436290990595917,0.008954685678271027,0.006507453676572908,0.003580483878007142
2018-04-16,0.0011889680783127134,0.001992279915328104,0.0003735524841240193,0.01159842878046244,0.0009236092223795664,0.004464111241501236,0.0002270972430394695,0.0057686793709593644,0.009737402989937898,0.003367676603529774
2018-04-23,0.0004654457655174514,0.001896437994722955,0.000742084432717678,0.0094936363454406,0.0007050218038706848,0.004230130823224108,0.00023263388079839951,0.008114367589656495,0.009311656581262259,0.004166365210495021
2018-04-30,0.001755580862017281,0.001480080582165029,0.0007400402910825145,0.009666481451398059,0.0009746235347533248,0.004629461790078292,9.047317470370036e-05,0.006854798279719256,0.009330511809186651,0.0043357117689879435
2018-05-07,0.0023173586820014105,0.0016564861786934465,0.0006902025744556028,0.009563468163204357,0.0006192168133766987,0.006424374438783251,0.00013066202090592334,0.007649549500105718,0.007682442932189886,0.002994902355198161
2018-05-14,0.001539919496200514,0.0014834415844759846,0.0004811161895597787,0.009913336043903412,0.0009500612374247123,0.005383680345406704,0.0002227766886473,0.0036879695386747057,0.007986338988029747,0.004654192509423591
2018-05-21,0.0009556915572070438,0.0014945130022631194,0.0005551048294120159,0.0068143864449289404,0.0003149043915757167,0.006376813929408263,0.0003471619510501649,0.003328599181885025,0.005368955674313871,0.005477818168154488
2018-05-28,0.0018152780540578734,0.0012614052053988142,0.0005045620821595257,0.0051847559912161795,0.0005561939003050074,0.0055619390030500725,0.00039239623299616326,0.003369611849571096,0.005618834083667268,0.003984582986618935
2018-06-04,0.001679525546633154,0.0017990879042717879,0.0007949458181666039,0.0064194314319835,0.0005581888713619537,0.005741371248294381,0.00039032006245121,0.006166337470056509,0.006521115761417235,0.00391758146780129
2018-06-11,0.0008992989692586078,0.0017024174327545116,0.00045397798206786973,0.007178116964495363,0.0004686273825594656,0.006716992483352339,0.0003949100482667837,0.0037618723009159045,0.0062605962632615,0.005258661790935844
2018-06-18,0.0014670563896018605,0.0012880739505985756,0.0006061524473405061,0.0042451659925365134,0.0008556106996569482,0.005755926524964923,0.00025837567823615537,0.005532253352138003,0.0036376283647748062,0.004729499330885906
2018-06-25,0.0008807722873848279,0.0009720352923583073,0.00048601764617915363,0.0040854959040947355,0.00022781749323708285,0.0050879240156281825,0.0002080039936766786,0.006031057585565709,0.006466084977620323,0.004426603830297394
2018-07-02,0.000931882925985011,0.001220616608260818,0.00047249675158483293,0.005113946221790387,0.0002313669108154145,0.007095251931672712,0.0003280705351650605,0.006736261221373034,0.0072634458123917315,0.004415181438854636
2018-07-09,0.0012153352996255866,0.0013098876672091456,0.0005557099194220616,0.006380712995694904,0.0003064179564426093,0.007047612998180014,0.00033919864320542715,0.003278608754717705,0.007434815747272073,0.004202016107006443
2018-07-16,0.001891997959030564,0.0012682064486376388,0.00042273548287921294,0.005943490591781099,0.0003828089963241486,0.007196809130893994,0.0002537319744576479,0.0026950016343718114,0.007987412905282303,0.003577715194803978
2018-07-23,0.0025195809581344945,0.0008673026886383347,0.0005279233756928994,0.00404078576188477,0.0004621280117314707,0.006238728158374854,0.00021394950791613182,0.002786350738022589,0.00832826531189387,0.004930978090394816
2018-07-30,0.0018394597317254297,0.0009012330506738763,0.0004915816640039326,0.003439235564262465,0.0003947010390234826,0.005367934130719362,0.00021505376344086021,0.0062591714368147285,0.0037060621034637775,0.004146499434971142
2018-08-06,0.0009271447659253893,0.0010254387694734767,0.0002366397160323408,0.005504746944730586,0.000374428883459258,0.006515062572191089,0.00016753224995811694,0.004779195868491294,0.007933554692422386,0.003558354142347673
2018-08-13,0.0023321185783771853,0.001091235044233992,0.000506644841965782,0.006545029230732575,0.0004516190507365159,0.005645238134206449,0.0003753127606338616,0.003602927764654121,0.005064580059858261,0.004309535187844864
2018-08-20,0.0020890279647655264,0.0009102977432201783,0.0006447942347809596,0.004658159675102368,0.0006591380479814362,0.004980154140304186,0.0002472901125170012,0.005257184577096833,0.005970314561637301,0.0033585158826526192
2018-08-27,0.0014669341176939727,0.0004285157771717959,0.00023373587845734321,0.010994655491250834,0.0007881734114084449,0.00472904046845067,0.00035848004461085,0.007018716966779425,0.006658229225768579,0.004504052011976501
2018-09-03,0.0015854520637687015,0.0008959569940642849,0.00044797849703214247,0.013869594602349043,0.0010720719455477306,0.004359759245227437,0.0004321690959808274,0.013953669905663388,0.00769284291020926,0.003024044601533031
2018-09-10,0.0019300027567673624,0.0008915967010922057,0.00040864848800059437,0.017205780475164342,0.0020915083818371333,0.003678169912885993,0.0003840098306516647,0.015996889988120103,0.007597599310220606,0.0030921509476328273
2018-09-17,0.0014891686488841696,0.0008187265081314428,0.0003349335715083175,0.01691303811343615,0.0016550822979899428,0.003723935170477372,0.0005171967933798808,0.014731748375636478,0.009012927757329836,0.0026165147650604372
2018-09-24,0.002072397354720357,0.0009219308920603313,0.0004056495925065457,0.015910599478308536,0.001978275836086391,0.0030697383663409517,0.0003663674665689687,0.0110970948568687,0.010068800321766536,0.003148925558496057
2018-10-01,0.0017749979102658978,0.0006323110970597534,0.00023711666139740752,0.015896833304278102,0.002470913812056673,0.0021277313381599127,0.000277216743891331,0.017802520793430775,0.007414427249863091,0.00262762259786815
2018-10-08,0.0020593357346950707,0.00045336053496543126,0.00015112017832181042,0.017929088925948442,0.002529685401535436,0.0016864569343569575,0.00035991362073102453,0.01914172604328784,0.0072442789483725374,0.002056647711759361
2018-10-15,0.001757086242178226,0.0011089343141241267,0.00029571581709976713,0.019614868686934645,0.003299742489528325,0.001967154176449578,0.0006233199579259029,0.015577982668126631,0.008599846546233433,0.0012939180204951893
2018-10-22,0.002646791215782185,0.0007368110816386678,0.00025788387857353373,0.0134649586692001,0.0030589315965994807,0.00219445092799528,0.000808996035919424,0.013240480069007295,0.008029546475172868,0.0016558337969937405
2018-10-29,0.003005369018332911,0.0005133267522211254,0.0004738400789733465,0.0156694519967978,0.0025865205066514145,0.0012932602533257073,0.0005393071976768307,0.015964179352162964,0.006840129057732482,0.0015443871257858502
2018-11-05,0.0018189726292281887,0.0006490035886080782,0.000305413453462625,0.016019575024927884,0.003239174537029313,0.0012821732542407694,0.0006085369034165,0.02190131527216555,0.0056152457633436475,0.0015490092710075056
2018-11-12,0.002124030189064824,0.0008220918500803407,0.00018683905683644108,0.013009228083805644,0.0024081525156588084,0.0016271300781478435,0.0005082592121982211,0.017438648671872,0.004369623478712231,0.0016394086069172634
2018-11-19,0.002024312764819747,0.00045238633793259444,0.00015079544597753147,0.01272015879793119,0.0020833904107807814,0.001367224957074888,0.0008285726745453753,0.01976055480354709,0.0048824406841519894,0.0017395986411310664
2018-11-26,0.0020669186594025734,0.0006140731108221358,0.00028897558156335787,0.014066087438296244,0.002277812024386835,0.0011389060121934176,0.0006822154948194262,0.0175912610818103,0.003948495713166039,0.0017916193272497704
2018-12-03,0.0028145722154384444,0.0004564286215855628,0.0002457692577768415,0.013784032811781094,0.003091864106777099,0.0010950352044835556,0.000983494398357992,0.013978380965697978,0.004794390884036649,0.0012945602741840706
2018-12-10,0.0028847723533858677,0.0001951854261548471,0.00013012361743656474,0.009902477096357795,0.002219133758858372,0.0007608458601800133,0.000930822932092236,0.015511603899973143,0.003820421954805153,0.0008435558755121209
2018-12-17,0.0021758618191840906,0.0006743088334457181,0.0001685772083614295,0.010658751544861358,0.0039052067468119843,0.0006508677911353307,0.000650110518788194,0.011230110327993587,0.003335256867346568,0.0008899920748197336
2018-12-24,0.001767251448746639,0.0004264112572571916,0.0003280086594286089,0.007823695522058029,0.002874369739438849,0.0014037619657724612,0.0005049867440979674,0.012604779955906895,0.004498380532682547,0.001372786991870791
2018-12-31,0.001395082853654526,0.0004443684840198257,6.836438215689625e-05,0.007782716495673358,0.0021536248777044528,0.0010460463691707345,0.0009176990781295623,0.012627775782561678,0.003832539699062233,0.0013613461316236742
2019-01-07,0.0007078700832174362,0.00034073001405511306,0.00021295625878444568,0.010236011830996244,0.002642429981122984,0.0015099599892131337,0.0007518464464198843,0.014001683093314279,0.003937408350015679,0.0010611290194489217
2019-01-14,0.0023961827674111977,0.0007050804966900388,3.9171138705002164e-05,0.00842936569940174,0.0019795924299610764,0.0010516584784168216,0.0010530306221304916,0.01564190261206124,0.0063727480667909965,0.0013721879267297355
2019-01-21,0.0013732770320803373,0.0006385441194077503,0.000199545037314922,0.012227994540264346,0.002457888274739543,0.001099581596594006,0.0008754742151998999,0.01246511865308903,0.0035759821722888365,0.0013742785198289193
2019-01-28,0.0033227479631569245,0.0006778849988037322,0.00015950235265970174,0.010369360292599215,0.0020997609042796572,0.0010180658929840763,0.0008490766291657822,0.0126879210264151,0.004158951486520065,0.0016161072740517564
2019-02-04,0.002686996076974009,0.0008900584342711195,0.0006191710847103443,0.011976464164969556,0.002902268835512029,0.0009262560113336264,0.0009147675297299447,0.014564878662803009,0.0042529195418870855,0.0016575063340819073
2019-02-11,0.003510558270609957,0.00065346915241207,0.0003843936190659235,0.012553339862212451,0.0023750020290483173,0.0012179497584863164,0.0008127978719473897,0.015011539984062131,0.004387147336006119,0.0019731119972341573
2019-02-18,0.003348316474070023,0.0005855015186445639,0.00010978153474585576,0.016725347221457326,0.002774551987664457,0.0011216273992686104,0.0010997977791180331,0.01541317462281154,0.00431504125002519,0.0009832265140725237
2019-02-25,0.004530169219579865,0.0006005581658247076,0.00010598085279259548,0.014887252299253848,0.002476754180402004,0.0014635365611466386,0.0010025873221216042,0.012089413474955766,0.0031041261640564924,0.002212279709819053
2019-03-04,0.004580339563423295,0.0008107834194790716,0.0001351305699131786,0.012957463390469005,0.0026143715326182857,0.0016481907488245715,0.0009407969894496338,0.011219199979645269,0.0064519135260869215,0.0017113603135927476
2019-03-11,0.005321851909864294,0.0009191176470588236,0.000479539641943734,0.012755436920600943,0.0022402304203148053,0.0016179441924495815,0.0006686595342983009,0.00947288154689881,0.003939967053266073,0.0024506462904472052
2019-03-18,0.00438949687785529,0.0008270703729008595,0.00035959581430472146,0.01348524568325693,0.0019040788332657802,0.001844576369726224,0.0007823268636143501,0.014121686264526275,0.004669637518021154,0.0023204593440698928
2019-03-25,0.0036707222308503358,0.001125294510672715,0.0003868199880437458,0.013181524937321065,0.0022775047980856267,0.0014157462258370108,0.0007055590627204872,0.009514603615107621,0.005887536649656444,0.003289442754223756
2019-04-01,0.00530186865771982,0.0012446214572739234,0.00021336367838981543,0.011506232286126072,0.0020192456589716093,0.0022716513663430605,0.0008096867984247911,0.01059762754568566,0.005664451157558788,0.0022448221522134667
2019-04-08,0.00702367485156626,0.0011117673626793593,0.00038217003092102966,0.011928550630271827,0.0015523253746419648,0.0014229649267551345,0.0006873100853711472,0.008026383137268346,0.0038176324608337406,0.003776928250323617
2019-04-15,0.006258552935635996,0.001052262364082778,0.00035075412136092597,0.011664557612727857,0.0017262872509474592,0.0019112465992632585,0.0006693676237449357,0.009829276080548588,0.0035335690010714826,0.003149938306870379
2019-04-22,0.005019057111913457,0.000826730967964175,0.00017223561832586986,0.013444682157260334,0.0013777992194461508,0.0022164596138916338,0.0007654037504783774,0.00827104718811682,0.005528929413691017,0.0034670809225150552
2019-04-29,0.004845321255690499,0.0011534807979373053,0.00037318496403853984,0.01024557791895945,0.0012919674491440158,0.001873352801258823,0.0006203260157838508,0.006080647506391229,0.006495096062054184,0.003430007125047141
2019-05-06,0.005532986230755448,0.0007545198641864244,0.0002901999477640093,0.009228979581937205,0.0011075861804272589,0.003015095713385315,0.0005564830272676684,0.00880029362502672,0.004603487528057655,0.0036562847053468336
2019-05-13,0.005088760932190676,0.0012623745930502954,0.00039864460833167234,0.00930914224787218,0.0006974377229434997,0.0030579961698291927,0.0007314432838877674,0.010511485032406318,0.006445940093552753,0.0036058527562143187
2019-05-20,0.0054082610172659605,0.0011548487148183588,0.00016497838783119409,0.0074578438410415155,0.0006988578390774035,0.003113094010435707,0.0005631749817796329,0.0051378857948873435,0.003700047118814962,0.003410083359768018
2019-05-27,0.006089797866064991,0.000931612725139742,0.0003795459250569319,0.006507144897837108,0.0008678178315343046,0.0027369639302235764,0.0007404795486600846,0.004511501528377218,0.003856367300956785,0.00465651907513104
2019-06-03,0.005380445351017364,0.0008507742045261188,0.0002041858090862685,0.007638108257853044,0.0004711472587200415,0.00329803081104029,0.0007845095032628463,0.005535333392068095,0.0024469274826948327,0.004067882699048993
2019-06-10,0.0062370072336168855,0.001011665770920932,0.00018968733204767474,0.0071133271728068045,0.0006066812434340907,0.00350526940650808,0.0005120327700972862,0.005647227653024918,0.0068376444136538286,0.003835863862687828
2019-06-17,0.0052450807285465435,0.0008724593660128608,0.00032313309852328173,0.004937214727921672,0.0010040079058303794,0.004087746473737973,0.000837648492232714,0.004381894228114576,0.004354507341697027,0.003709263507070127
2019-06-24,0.005875378857219021,0.0009556879360326208,0.0001592813226721035,0.005699941852271954,0.000436716004247045,0.0029114400283136326,0.0007721113384550053,0.0040961580259749105,0.004292179911697471,0.003152836403943095
2019-07-01,0.005920637759005093,0.0008425782895660723,0.00021064457239151804,0.006457655424299863,0.00046401539380001134,0.003402779554533416,0.0009419891671245779,0.004911725018247561,0.0020735257513623912,0.00501102952971955
2019-07-08,0.004946668016738503,0.000606366851945427,0.00016843523665150748,0.006770770818059164,0.0007706004633058924,0.003467702084876516,0.0005216484089723526,0.003782622129053036,0.0036420195744772533,0.004931365226831399
2019-07-15,0.0049326066965505715,0.00097760958688111,0.0001892147587511826,0.0065941716929024214,0.000410340739199357,0.0036930666527942133,0.0005995460579846688,0.004122541608785546,0.002298712278009939,0.003960587482283185
2019-07-22,0.005268291556666909,0.0008364312267657992,0.0001858736059479554,0.004045722619658544,0.00033584007068649345,0.0050376010602974025,0.0006211455699010604,0.007601264360481345,0.0020548704931079354,0.004071359288153936
2019-07-29,0.005522289942653793,0.0008328261635542457,0.00022422242864922,0.0035442430666183227,0.0009429352710243957,0.004457512190297144,0.0008542013217641506,0.007670217322263995,0.0032663478380680817,0.0035450429600581658
2019-08-05,0.006427437494070861,0.0005874350729656196,0.0001855058125154588,0.006247160500143579,0.000677811049480388,0.004321045440437473,0.0006290438533429187,0.002930542962328884,0.003784849868072065,0.005718567422355532
2019-08-12,0.006160099611099248,0.0005500718149313938,0.00030559545273966323,0.005422620341262228,0.0007578216254239122,0.0023576672790966164,0.000894654439722657,0.005467197405082924,0.004599624895580772,0.00472742050547686
2019-08-19,0.005771663435719223,0.0008836075563680682,0.0005179768433881778,0.004758557428927546,0.0009942397780288038,0.0034798392231008123,0.0007125996526076694,0.008518145549901103,0.004749713392497794,0.0019310065463386528
2019-08-26,0.006013054422606441,0.0005563363785429842,0.00017568517217146873,0.006532613653956347,0.0010723753719396913,0.003877049421628113,0.0008546624083487022,0.009414832361862958,0.002380185150297821,0.0022467048497359565
2019-09-02,0.005804818981931282,0.0005099898002039959,0.0002099958000839984,0.009646164363207279,0.002138600296659252,0.002632123442042156,0.0015270506108202445,0.012858224936046377,0.004234896050059729,0.002923202292234397
2019-09-09,0.006759255213566894,0.00048384801480005684,0.0001992315355059058,0.01562255551699926,0.002170903178905828,0.003005865940023453,0.0009074410163339383,0.017358938539083064,0.004023602279198872,0.0025917861382456424
2019-09-16,0.006293010171817043,0.0005549081626990733,0.0003051994894844904,0.015933353300118896,0.0019763966959340665,0.0019763966959340665,0.0009769094138543516,0.014539431720053916,0.007194528669424357,0.001972083068978571
2019-09-23,0.0067316517236084865,0.0006786838961885112,0.00019003149093278315,0.01582768538461951,0.0019079576336360614,0.0020814083276029767,0.0007163323782234957,0.01900414016270388,0.0045521746825186215,0.002113657197716007
2019-09-30,0.0062787261213844365,0.00029679194884386044,0.0002698108625853277,0.01805146880246162,0.0019255425989062125,0.0010046309211684586,0.00097728965003723,0.018095425418206763,0.004882705515165615,0.002582197936428566
2019-10-07,0.005955353221093758,0.000341180484476288,0.00015746791591213292,0.01556812975133011,0.0028370884624840565,0.0014185442312420282,0.0008312551953449709,0.017010443679778088,0.004765111559114875,0.0015621649417694122
2019-10-14,0.005702393575721535,0.00034349733128996465,7.926861491306875e-05,0.017295970249969202,0.003000868853662797,0.0010288693212558162,0.0010718113612004287,0.01378159882257754,0.004021054904130846,0.0019356252428421328
2019-10-21,0.007970653878237418,0.0005331058748267406,0.0001865870561893592,0.015670759413931246,0.003291081524111438,0.0008894814930030912,0.0007916402786573781,0.023243586081628555,0.0057782697416802935,0.0020595591968382712
2019-10-28,0.004928955191633696,0.00045023571163726886,0.0001853911753800519,0.01597276352685979,0.003622945059871153,0.001121387756626785,0.0011476863686159945,0.008372899725313198,0.003713916965581425,0.0015977392490061815
2019-11-04,0.004899748352603719,0.0005899705014749262,8.045052292839903e-05,0.020794702941272367,0.00402960043344469,0.0007716256149149409,0.000980071871937275,0.016422705541426802,0.0051536283621540155,0.0011147275380991287
2019-11-11,0.004960913550245019,0.00027747647756224303,0.00027747647756224303,0.01378966122300597,0.00464583422889345,0.0008603396720173055,0.001034295046271094,0.01656364950159409,0.0020720731240278247,0.0006403512073586622
2019-11-18,0.0049465214791902645,0.0004939857238125819,0.00024699286190629094,0.012204063659764057,0.003013604992171733,0.0009749898504085018,0.0011473811026332394,0.01968265700129077,0.004368755707108742,0.0006732808437591277
2019-11-25,0.004996803981309746,0.0003473428273706148,0.0001736714136853074,0.012248247453079095,0.0043785218789233055,0.0010722910723893813,0.0010630130514380203,0.017794027262673668,0.0042131558773668715,0.0006199638999868365
2019-12-02,0.00415544739449317,0.00037536708693060127,0.00011040208439135333,0.009909830079583515,0.002077407030533725,0.0008128984032523272,0.0008199601733630081,0.013298843167560885,0.005753044896646857,0.0008300495389154456
2019-12-09,0.004249863715457678,0.00037005057357838907,0.0002114574706162223,0.00898406674270651,0.003426587277677445,0.001352600241188465,0.0005326704545454545,0.014127796675147937,0.0025940986631938327,0.0006463089197948923
2019-12-16,0.003952624994926293,0.0005541639882073904,0.00015516591669806928,0.01081696247244607,0.0033556564711685498,0.0009869577856378088,0.0007664303506418852,0.01047263073432674,0.00540831015560036,0.0013905619527559854
2019-12-23,0.004830985332943132,0.0002405465216972963,2.4054652169729628e-05,0.006722724402521041,0.0034057266308752552,0.0009015158728787438,0.0007394626571358146,0.009915845625830302,0.0031763713468099825,0.0010704875632059564
2019-12-30,0.004923742082377519,0.00039872408293460925,7.476076555023923e-05,0.008242236587654541,0.0029329353528891127,0.0008887682887542765,0.0007537979821407862,0.00967685168616011,0.0026286064257777107,0.0006151796260933617
